,t_gen,fitness,route_cost,norm_route_cost,w_route_cost,area,w_area
0,8.894009590148926,5.381848385218737,353.63608304895075,0.9841850300193572,2.9525550900580715,0.8820909598993992,1.7641819197987985
