,t_gen,fitness,route_cost,norm_route_cost,w_route_cost,area,w_area
0,7.993570566177368,4.992422126620449,287.77629984091953,0.9958555759785496,2.987566727935649,0.7750253376387678,1.5500506752775356
