,t_gen,fitness,route_cost,norm_route_cost,w_route_cost,area,w_area
0,14.146018981933594,5.1583553183485815,396.33013502258757,0.9598115118999422,2.8794345356998265,0.6530812632813072,1.3061625265626144
