,t_gen,fitness,route_cost,norm_route_cost,w_route_cost,area,w_area
0,10.600842714309692,5.429665176063876,374.6017107978794,0.8051679528472266,2.4155038585416797,0.7160538142346404,1.4321076284692809
