,t_gen,fitness,route_cost,norm_route_cost,w_route_cost,area,w_area
0,11.718283653259277,5.557161311157759,343.543242943547,0.929780047930538,2.7893401437916143,0.7966521341299316,1.5933042682598633
