,t_gen,fitness,route_cost,norm_route_cost,w_route_cost,area,w_area
0,8.507900476455688,5.556090236279328,352.9089515636359,0.9772276436782558,2.9316829310347674,0.9447058611426614,1.8894117222853228
