,t_gen,fitness,route_cost,norm_route_cost,w_route_cost,area,w_area
0,14.739407539367676,5.1081847962763405,382.1316579586859,0.8924964672937955,2.6774894018813864,0.6222932702660287,1.2445865405320573
