,t_gen,fitness,route_cost,norm_route_cost,w_route_cost,area,w_area
0,12.599184036254883,4.931094691644362,484.95308706895116,0.9002489267636097,2.700746780290829,0.702393756430915,1.40478751286183
