,t_gen,fitness,route_cost,norm_route_cost,w_route_cost,area,w_area
0,15.005063772201538,5.308096370237626,412.30197279959464,0.9773874518623444,2.9321623555870335,0.7404160265115962,1.4808320530231924
