,t_gen,fitness,route_cost,norm_route_cost,w_route_cost,area,w_area
0,8.717076778411865,5.312513041315144,260.74016153460195,0.9967478689774362,2.9902436069323084,0.8201797157982725,1.640359431596545
