,t_gen,fitness,route_cost,norm_route_cost,w_route_cost,area,w_area
0,10.847921133041382,5.022111378600217,299.5908872240922,0.9664790183338196,2.8994370550014588,0.6483647314237692,1.2967294628475383
