,t_gen,fitness,route_cost,norm_route_cost,w_route_cost,area,w_area
0,15.049403190612793,5.89679019299522,351.2551681828849,1.0,3.0,0.874204980168509,1.748409960337018
