,t_gen,fitness,route_cost,norm_route_cost,w_route_cost,area,w_area
0,11.621412992477417,5.640995506394746,290.68954140096196,1.0,3.0,1.1319045973038369,2.2638091946076737
