,t_gen,fitness,route_cost,norm_route_cost,w_route_cost,area,w_area
0,9.557326793670654,5.610956408099435,336.6937020259993,0.997489111059306,2.992467333177918,0.8385212488481422,1.6770424976962843
