,t_gen,fitness,route_cost,norm_route_cost,w_route_cost,area,w_area
0,13.56335973739624,5.246022396250011,453.08188679792704,0.9200340987179954,2.760102296153986,0.7512937789860866,1.5025875579721732
