,t_gen,fitness,route_cost,norm_route_cost,w_route_cost,area,w_area
0,8.896473169326782,5.8600487773621985,243.3625851739989,0.9801578878511323,2.940473663553397,0.985969079193332,1.971938158386664
