,t_gen,fitness,route_cost,norm_route_cost,w_route_cost,area,w_area
0,9.653039455413818,5.732606024510471,278.24676766978575,0.9987698866130528,2.9963096598391585,0.9431085675604991,1.8862171351209982
