,t_gen,fitness,route_cost,norm_route_cost,w_route_cost,area,w_area
0,9.627564907073975,4.039839363927904,433.11252225407867,0.7164198138045405,2.1492594414136215,0.6155910079767948,1.2311820159535896
