,t_gen,fitness,route_cost,norm_route_cost,w_route_cost,area,w_area
0,12.501036167144775,5.775987807656371,228.84358356606117,0.9971886012777708,2.9915658038333124,0.8591840281129927,1.7183680562259853
