,t_gen,fitness,route_cost,norm_route_cost,w_route_cost,area,w_area
0,14.974249839782715,5.392089971508515,285.65102033541575,0.9690816774418476,2.9072450323255428,0.6854906048728081,1.3709812097456162
