,t_gen,fitness,route_cost,norm_route_cost,w_route_cost,area,w_area
0,9.9575674533844,5.1114295652584065,463.01728382092307,0.7966810825015965,2.3900432475047895,0.6750734335790846,1.3501468671581691
