,t_gen,fitness,route_cost,norm_route_cost,w_route_cost,area,w_area
0,9.270063400268555,5.057840541240045,299.6779429214992,0.9454146751085406,2.836244025325622,0.6744644116431194,1.3489288232862389
