,t_gen,fitness,route_cost,norm_route_cost,w_route_cost,area,w_area
0,12.379909038543701,5.002664392150596,439.4451003059132,0.9968781495978694,2.990634448793608,0.6905771937600148,1.3811543875200296
