,t_gen,fitness,route_cost,norm_route_cost,w_route_cost,area,w_area
0,10.627190113067627,5.3133364319715355,286.13731930266107,1.0,3.0,0.7329027294728575,1.465805458945715
