,t_gen,fitness,route_cost,norm_route_cost,w_route_cost,area,w_area
0,9.03601336479187,5.223099758370728,251.1626419257882,1.0,3.0,0.711411805315844,1.422823610631688
