,t_gen,fitness,route_cost,norm_route_cost,w_route_cost,area,w_area
0,10.958285808563232,5.650600832266791,233.71019422042565,0.9634418867614342,2.8903256602843026,0.7925953721075673,1.5851907442151345
