,t_gen,fitness,route_cost,norm_route_cost,w_route_cost,area,w_area
0,7.995783805847168,5.869803533480345,377.3563086693171,0.9990827919444679,2.997248375833404,0.8990508627382234,1.7981017254764469
