,t_gen,fitness,route_cost,norm_route_cost,w_route_cost,area,w_area
0,14.588191270828247,4.9950362500200125,372.46665094844104,0.9833211105299884,2.949963331589965,0.639866877491995,1.27973375498399
