,t_gen,fitness,route_cost,norm_route_cost,w_route_cost,area,w_area
0,8.354760646820068,5.670654360380203,269.1136458910773,0.9406382846288843,2.821914853886653,0.9093001841620626,1.8186003683241252
