,t_gen,fitness,route_cost,norm_route_cost,w_route_cost,area,w_area
0,9.64510726928711,5.391750608028825,414.43518067878034,0.8402240927106184,2.520672278131855,0.7979725768862327,1.5959451537724654
