,t_gen,fitness,route_cost,norm_route_cost,w_route_cost,area,w_area
0,9.237918853759766,5.09829009399807,367.53011365150076,0.9182072754930788,2.7546218264792364,0.6790413707364508,1.3580827414729015
