,t_gen,fitness,route_cost,norm_route_cost,w_route_cost,area,w_area
0,8.767632246017456,5.479151339903042,271.78848892489566,0.9895932784499648,2.9687798353498946,0.8006769280361028,1.6013538560722056
