,t_gen,fitness,route_cost,norm_route_cost,w_route_cost,area,w_area
0,8.925143480300903,4.836234995097729,243.13119679166954,0.9959439094707627,2.987831728412288,0.6159053787665446,1.2318107575330892
