,t_gen,fitness,route_cost,norm_route_cost,w_route_cost,area,w_area
0,14.367522716522217,5.153386317665381,327.28810591693815,0.9966665357522142,2.9899996072566424,0.6308926990732777,1.2617853981465554
