,t_gen,fitness,route_cost,norm_route_cost,w_route_cost,area,w_area
0,14.41992974281311,5.118036710513708,311.60036644586205,0.984299638348053,2.952898915044159,0.6265432402873161,1.2530864805746322
