,t_gen,fitness,route_cost,norm_route_cost,w_route_cost,area,w_area
0,10.871302604675293,5.487093650815586,400.0796346065956,0.7481317156128519,2.2443951468385555,0.785936881024693,1.571873762049386
