,t_gen,fitness,route_cost,norm_route_cost,w_route_cost,area,w_area
0,10.061033964157104,5.961989126886755,582.3841797899656,1.0,3.0,0.8392782774107133,1.6785565548214265
