,t_gen,fitness,route_cost,norm_route_cost,w_route_cost,area,w_area
0,11.560877323150635,7.280489943494095,601.6448913866827,0.984231172036961,2.952693516110883,1.3681805745554037,2.7363611491108073
