,t_gen,fitness,route_cost,norm_route_cost,w_route_cost,area,w_area
0,12.6265287399292,5.731740363267557,437.4588953727843,0.9825908829688467,2.94777264890654,0.8320316964455788,1.6640633928911577
