,t_gen,fitness,route_cost,norm_route_cost,w_route_cost,area,w_area
0,10.893479585647583,4.838358525718787,283.19823026882705,0.8902678329554324,2.6708034988662974,0.630528415775743,1.261056831551486
