,t_gen,fitness,route_cost,norm_route_cost,w_route_cost,area,w_area
0,8.287620782852173,4.668548783990579,452.5014944027092,0.7618473746249861,2.2855421238749583,0.572750091660321,1.145500183320642
