,t_gen,fitness,route_cost,norm_route_cost,w_route_cost,area,w_area
0,8.830001592636108,5.1361191129004276,305.40516862134314,1.0,3.0,0.7016797973137125,1.403359594627425
