,t_gen,fitness,route_cost,norm_route_cost,w_route_cost,area,w_area
0,13.700462818145752,4.90020411275995,292.1117087980927,0.9992394795497882,2.9977184386493647,0.8051527842876366,1.6103055685752732
