,t_gen,fitness,route_cost,norm_route_cost,w_route_cost,area,w_area
0,8.02640175819397,4.856767970495408,298.1960635711216,1.0,3.0,0.6197560197170112,1.2395120394340224
