,t_gen,fitness,route_cost,norm_route_cost,w_route_cost,area,w_area
0,7.870462894439697,4.9341221825000705,280.5043584331049,0.9743263911541084,2.922979173462325,0.7557682083997873,1.5115364167995746
