,t_gen,fitness,route_cost,norm_route_cost,w_route_cost,area,w_area
0,14.456653118133545,5.215397900853638,308.57707849459774,0.983570681870537,2.9507120456116107,0.6860608033163889,1.3721216066327777
