,t_gen,fitness,route_cost,norm_route_cost,w_route_cost,area,w_area
0,8.605476379394531,5.03685996922142,236.84034667905436,0.9989405476027111,2.9968216428081336,0.6557138294474609,1.3114276588949219
