,t_gen,fitness,route_cost,norm_route_cost,w_route_cost,area,w_area
0,8.700624942779541,4.832518279282452,441.7624043063098,0.8257156359028197,2.477146907708459,0.603867112567267,1.207734225134534
