,t_gen,fitness,route_cost,norm_route_cost,w_route_cost,area,w_area
0,8.819096803665161,5.5058486585083255,276.9815520726292,0.9520913513906779,2.856274054172034,0.9467340590979783,1.8934681181959565
