,t_gen,fitness,route_cost,norm_route_cost,w_route_cost,area,w_area
0,8.646305322647095,5.045711142551871,341.80327465835614,0.8974801336918523,2.692440401075557,0.6045550757768182,1.2091101515536364
