,t_gen,fitness,route_cost,norm_route_cost,w_route_cost,area,w_area
0,15.763123750686646,5.730255496379122,306.3577642857687,0.9974042700183439,2.9922128100550314,1.0342862040886298,2.0685724081772596
