,t_gen,fitness,route_cost,norm_route_cost,w_route_cost,area,w_area
0,10.855705499649048,4.901570513223132,285.6433499000956,0.9973750468071165,2.99212514042135,0.6929486523661744,1.3858973047323488
