,t_gen,fitness,route_cost,norm_route_cost,w_route_cost,area,w_area
0,16.551727056503296,5.041807778596365,333.75542411732016,0.9983456369042037,2.9950369107126114,0.6001224153436349,1.2002448306872697
