,t_gen,fitness,route_cost,norm_route_cost,w_route_cost,area,w_area
0,10.44859504699707,5.481009007215896,304.57341481915256,0.9960579043163098,2.9881737129489294,0.7844496059094543,1.5688992118189087
