,t_gen,fitness,route_cost,norm_route_cost,w_route_cost,area,w_area
0,11.730187892913818,5.035409092537813,526.4016723052212,0.7240924582243669,2.172277374673101,0.6549024616072284,1.3098049232144569
