,t_gen,fitness,route_cost,norm_route_cost,w_route_cost,area,w_area
0,9.186686754226685,5.112158173175929,405.9012492579609,0.8195819683539823,2.458745905061947,0.7545917023606549,1.5091834047213097
