,t_gen,fitness,route_cost,norm_route_cost,w_route_cost,area,w_area
0,7.634840965270996,4.9795425473590385,299.69873796231894,0.9982480190795786,2.994744057238736,0.6321850886540757,1.2643701773081515
