,t_gen,fitness,route_cost,norm_route_cost,w_route_cost,area,w_area
0,8.181030511856079,4.924653932441507,316.1100882482362,0.9917883753366145,2.9753651260098435,0.6742481504386266,1.3484963008772533
