,t_gen,fitness,route_cost,norm_route_cost,w_route_cost,area,w_area
0,10.465694665908813,5.448183299213765,353.377791113545,0.9939937065113351,2.981981119534005,0.8462398926140177,1.6924797852280353
