,t_gen,fitness,route_cost,norm_route_cost,w_route_cost,area,w_area
0,6.680544376373291,3.613733864203839,224.83507515281153,1.0,3.0,0.3068669321019194,0.6137338642038388
