,t_gen,fitness,route_cost,norm_route_cost,w_route_cost,area,w_area
0,6.6923840045928955,4.465178672077556,346.6501181420064,1.0,3.0,0.7325893360387781,1.4651786720775561
