,t_gen,fitness,route_cost,norm_route_cost,w_route_cost,area,w_area
0,6.344103097915649,3.8838114092662046,518.8420398532991,0.9383241959170311,2.814972587751093,0.38748119865787345,0.7749623973157469
