,t_gen,fitness,route_cost,norm_route_cost,w_route_cost,area,w_area
0,9.913164377212524,3.8567412089360875,722.2112298856023,0.9937992738691048,2.9813978216073145,0.35939614072977,0.71879228145954
