,t_gen,fitness,route_cost,norm_route_cost,w_route_cost,area,w_area
0,6.488398551940918,3.88666403141934,446.43019418224196,0.9845981657376817,2.953794497213045,0.41548645029890435,0.8309729005978087
