,t_gen,fitness,route_cost,norm_route_cost,w_route_cost,area,w_area
0,8.744892835617065,3.7244463919077067,373.0553675525587,0.941404825600442,2.824214476801326,0.27298048025257277,0.5459609605051455
