,t_gen,fitness,route_cost,norm_route_cost,w_route_cost,area,w_area
0,6.276328086853027,4.048314081806905,515.7376910976159,1.0,3.0,0.5241570409034524,1.0483140818069048
