,t_gen,fitness,route_cost,norm_route_cost,w_route_cost,area,w_area
0,9.662128210067749,4.31678530836176,257.32942266344867,0.9990701789380848,2.9972105368142543,0.4068892316367315,0.813778463273463
