,t_gen,fitness,route_cost,norm_route_cost,w_route_cost,area,w_area
0,7.599064111709595,5.106450432874039,276.91218606819206,1.0,3.0,0.7075966345567614,1.4151932691135227
