,t_gen,fitness,route_cost,norm_route_cost,w_route_cost,area,w_area
0,8.095580577850342,3.8996693837210987,482.64215286544953,0.990523413621713,2.971570240865139,0.4487816617532038,0.8975633235064076
