,t_gen,fitness,route_cost,norm_route_cost,w_route_cost,area,w_area
0,7.408858299255371,3.420591243440324,325.68235223496157,0.9956898109096598,2.9870694327289793,0.37082568581318287,0.7416513716263657
