,t_gen,fitness,route_cost,norm_route_cost,w_route_cost,area,w_area
0,6.487098693847656,3.5547611066276397,269.9344407018182,1.0,3.0,0.28291694800810263,0.5658338960162053
