,t_gen,fitness,route_cost,norm_route_cost,w_route_cost,area,w_area
0,7.058672189712524,4.011421552144815,395.71185906652676,0.9890330724389302,2.9670992173167905,0.4161245172494233,0.8322490344988466
