,t_gen,fitness,route_cost,norm_route_cost,w_route_cost,area,w_area
0,8.259862661361694,5.073360132264162,375.9227197038083,0.9985827306552183,2.995748191965655,0.5828504536142816,1.1657009072285631
