,t_gen,fitness,route_cost,norm_route_cost,w_route_cost,area,w_area
0,6.546465635299683,3.4034066570917427,372.3450715463054,0.9409865859968564,2.822959757990569,0.20170332854587145,0.4034066570917429
