,t_gen,fitness,route_cost,norm_route_cost,w_route_cost,area,w_area
0,8.716235160827637,3.678648373945406,593.9553265093491,0.9778792644731277,2.933637793419383,0.42805922640868366,0.8561184528173673
