,t_gen,fitness,route_cost,norm_route_cost,w_route_cost,area,w_area
0,7.014939308166504,3.032455858761837,448.97598120339325,0.9880056728364384,2.964017018509315,0.4296890279679249,0.8593780559358498
