,t_gen,fitness,route_cost,norm_route_cost,w_route_cost,area,w_area
0,10.84942364692688,4.609172066809632,223.6156859821456,0.9966121079339217,2.9898363238017653,0.45763371798538344,0.9152674359707669
