,t_gen,fitness,route_cost,norm_route_cost,w_route_cost,area,w_area
0,8.72530221939087,5.212556868471809,373.0209563700585,0.9826486422995949,2.9479459268987847,0.6220317425670259,1.2440634851340517
