,t_gen,fitness,route_cost,norm_route_cost,w_route_cost,area,w_area
0,7.075398683547974,3.4570029303922443,427.6711305603944,0.9954209867668191,2.9862629603004573,0.3764195746438158,0.7528391492876316
