,t_gen,fitness,route_cost,norm_route_cost,w_route_cost,area,w_area
0,6.948769807815552,2.8488892667487304,400.08046702230996,0.9888219087817895,2.9664657263453686,0.3447792045098653,0.6895584090197306
