,t_gen,fitness,route_cost,norm_route_cost,w_route_cost,area,w_area
0,6.405494928359985,3.9756891750958805,495.4014605229477,0.9940003333467314,2.9820010000401944,0.5798797771478839,1.1597595542957677
