,t_gen,fitness,route_cost,norm_route_cost,w_route_cost,area,w_area
0,7.4537999629974365,2.71413800295198,450.68318505198914,0.9726351893974005,2.9179055681922015,0.4108927030396011,0.8217854060792023
