,t_gen,fitness,route_cost,norm_route_cost,w_route_cost,area,w_area
0,6.332770586013794,3.6774507893198205,332.51198218060523,0.978734396981746,2.936203190945238,0.3015538349781187,0.6031076699562374
