,t_gen,fitness,route_cost,norm_route_cost,w_route_cost,area,w_area
0,7.983470439910889,4.33551687633477,332.6841259534131,0.8821401179489585,2.6464203538468754,0.43879814710513915,0.8775962942102783
