,t_gen,fitness,route_cost,norm_route_cost,w_route_cost,area,w_area
0,7.085536479949951,3.464295219978098,435.9742122245277,0.9764633018589315,2.9293899055767945,0.37947553169523024,0.7589510633904605
