,t_gen,fitness,route_cost,norm_route_cost,w_route_cost,area,w_area
0,8.219762563705444,3.423601448457492,407.7155483382215,0.9889571343036556,2.966871402910967,0.3897676834450845,0.779535366890169
