,t_gen,fitness,route_cost,norm_route_cost,w_route_cost,area,w_area
0,6.4169487953186035,3.519476107156811,363.78186796425126,1.0,3.0,0.25973805357840557,0.5194761071568111
