,t_gen,fitness,route_cost,norm_route_cost,w_route_cost,area,w_area
0,8.482666015625,3.536960634866998,706.2890004409941,0.959442400316639,2.878327200949917,0.3168394878848799,0.6336789757697598
