,t_gen,fitness,route_cost,norm_route_cost,w_route_cost,area,w_area
0,9.776914358139038,75.28786090270172,1549.1895451031444,0.9573710331076696,2.8721130993230086,20.619127516778523,41.238255033557046
