,t_gen,fitness,route_cost,norm_route_cost,w_route_cost,area,w_area
0,12.54502248764038,5.496735973714891,311.90008730558776,0.9985699878717944,2.995709963615383,0.7225133381312936,1.4450266762625872
