,t_gen,fitness,route_cost,norm_route_cost,w_route_cost,area,w_area
0,7.769352674484253,5.515261022125966,456.5880950793488,0.9651340481177344,2.895402144353203,0.8786155346116347,1.7572310692232693
