,t_gen,fitness,route_cost,norm_route_cost,w_route_cost,area,w_area
0,10.310594081878662,4.909484678071644,466.6780844942836,0.9701198024280538,2.9103594072841616,0.8290963419473819,1.6581926838947638
