,t_gen,fitness,route_cost,norm_route_cost,w_route_cost,area,w_area
0,8.88820481300354,5.452705014644013,407.0891368236043,0.9404209094567365,2.8212627283702094,0.9606728411451418,1.9213456822902837
