,t_gen,fitness,route_cost,norm_route_cost,w_route_cost,area,w_area
0,7.50691819190979,5.832026108535329,419.0187379563891,0.9676085542181687,2.9028256626545064,0.9504395081515614,1.9008790163031228
