,t_gen,fitness,route_cost,norm_route_cost,w_route_cost,area,w_area
0,8.51683521270752,5.6825334520837565,443.04458218161756,0.9320217608462071,2.7960652825386214,0.7914055112049438,1.5828110224098877
