,t_gen,fitness,route_cost,norm_route_cost,w_route_cost,area,w_area
0,8.230535745620728,4.645685528535541,432.4240925002484,0.9725137247535891,2.9175411742607675,0.812482585678462,1.624965171356924
