,t_gen,fitness,route_cost,norm_route_cost,w_route_cost,area,w_area
0,12.283720016479492,4.8160779092979356,287.01432194913735,0.8796396696874709,2.6389190090624126,0.6609369236444117,1.3218738472888234
