,t_gen,fitness,route_cost,norm_route_cost,w_route_cost,area,w_area
0,9.000605583190918,5.403673649132576,343.1306783800108,0.9839758358322718,2.951927507496815,0.8169874309626006,1.6339748619252012
