,t_gen,fitness,route_cost,norm_route_cost,w_route_cost,area,w_area
0,11.623480319976807,5.802512980433837,398.2154510973901,0.9173878896063813,2.752163668819144,0.9776022861114866,1.9552045722229732
