,t_gen,fitness,route_cost,norm_route_cost,w_route_cost,area,w_area
0,9.35636305809021,4.944586797627896,442.9626341362006,0.9004829011980032,2.70144870359401,0.7119750228568094,1.4239500457136187
