,t_gen,fitness,route_cost,norm_route_cost,w_route_cost,area,w_area
0,13.794690370559692,5.014433876371154,325.80920025357455,0.9268624040982646,2.780587212294794,0.6230305153781301,1.2460610307562603
