,t_gen,fitness,route_cost,norm_route_cost,w_route_cost,area,w_area
0,7.607149839401245,4.719102931739718,437.0224433317662,0.989070379336912,2.967211138010736,0.8186296462158531,1.6372592924317062
