,t_gen,fitness,route_cost,norm_route_cost,w_route_cost,area,w_area
0,14.309078216552734,5.528032002824192,229.42849581989412,0.9787145382918049,2.9361436148754145,0.8627175434824785,1.725435086964957
