,t_gen,fitness,route_cost,norm_route_cost,w_route_cost,area,w_area
0,10.088673830032349,5.0328746982940835,448.9814926866029,0.975046801233748,2.925140403701244,0.667751190037344,1.335502380074688
