,t_gen,fitness,route_cost,norm_route_cost,w_route_cost,area,w_area
0,11.759061336517334,5.317540364176416,299.75927862510014,0.9922778788413689,2.9768336365241064,0.7017314292171989,1.4034628584343978
