,t_gen,fitness,route_cost,norm_route_cost,w_route_cost,area,w_area
0,13.905893564224243,4.714742509385351,320.63116693466714,0.9145645911456236,2.743693773436871,0.5634222857739727,1.1268445715479454
