,t_gen,fitness,route_cost,norm_route_cost,w_route_cost,area,w_area
0,8.405889987945557,5.116003147434998,440.41795371644764,0.9831656361672272,2.949496908501682,0.7250396962374871,1.4500793924749742
