,t_gen,fitness,route_cost,norm_route_cost,w_route_cost,area,w_area
0,11.448708057403564,4.817929701871728,396.0101597722236,0.9318946136161703,2.795683840848511,0.5734630164474165,1.146926032894833
