,t_gen,fitness,route_cost,norm_route_cost,w_route_cost,area,w_area
0,11.028023719787598,5.52190625036126,413.0729155722404,0.9744389222239727,2.9233167666719178,0.8844336905173407,1.7688673810346813
