,t_gen,fitness,route_cost,norm_route_cost,w_route_cost,area,w_area
0,13.276195049285889,5.208657120129523,380.1777846931532,0.9953691722093732,2.9861075166281195,0.7828582594465207,1.5657165188930413
