,t_gen,fitness,route_cost,norm_route_cost,w_route_cost,area,w_area
0,10.235220193862915,5.140075912346097,393.7874323434145,0.9998922794761685,2.9996768384285057,0.7740031875026921,1.5480063750053843
