,t_gen,fitness,route_cost,norm_route_cost,w_route_cost,area,w_area
0,9.041988611221313,4.976760024949471,460.27630839588863,0.9451450429970197,2.835435128991059,0.6648730964467006,1.3297461928934011
