,t_gen,fitness,route_cost,norm_route_cost,w_route_cost,area,w_area
0,12.844297647476196,4.769116295784547,489.47546990787976,0.8608350230577734,2.5825050691733202,0.7233583879737726,1.4467167759475452
