,t_gen,fitness,route_cost,norm_route_cost,w_route_cost,area,w_area
0,10.334547996520996,5.435886547449563,486.2583911314449,0.976675835424061,2.9300275062721832,0.8457285803627267,1.6914571607254534
