,t_gen,fitness,route_cost,norm_route_cost,w_route_cost,area,w_area
0,8.368717908859253,5.100343530599796,388.89329461547294,0.9947759120791766,2.98432773623753,0.7043746808355421,1.4087493616710842
