,t_gen,fitness,route_cost,norm_route_cost,w_route_cost,area,w_area
0,8.292020082473755,4.964385098798333,456.71809051304507,0.9361124066292108,2.8083372198876324,0.7246227469610171,1.4492454939220343
