,t_gen,fitness,route_cost,norm_route_cost,w_route_cost,area,w_area
0,11.105589389801025,5.513384968504516,356.6511618085642,1.0,3.0,0.9119705043328489,1.8239410086656977
