,t_gen,fitness,route_cost,norm_route_cost,w_route_cost,area,w_area
0,13.989295959472656,4.989840175521557,453.88202656744807,0.9244670528212663,2.7734011584637988,0.614068491620706,1.228136983241412
