,t_gen,fitness,route_cost,norm_route_cost,w_route_cost,area,w_area
0,8.074097633361816,5.553681436214589,482.41820929694114,0.9614205161457142,2.8842615484371428,0.9744172210503542,1.9488344421007084
