,t_gen,fitness,route_cost,norm_route_cost,w_route_cost,area,w_area
0,14.309791803359985,5.990646880218553,361.1089694184991,0.9808058776254808,2.942417632876442,0.9953765636367904,1.9907531272735808
