,t_gen,fitness,route_cost,norm_route_cost,w_route_cost,area,w_area
0,7.983755826950073,4.731346804192409,546.8190751015027,0.8190877742307042,2.457263322692113,0.7193633053932774,1.4387266107865548
