,t_gen,fitness,route_cost,norm_route_cost,w_route_cost,area,w_area
0,9.4717378616333,5.560634533766599,537.8711307272604,0.9945550855261487,2.983665256578446,0.8471348333577209,1.6942696667154418
