,t_gen,fitness,route_cost,norm_route_cost,w_route_cost,area,w_area
0,10.378962516784668,5.559005597581497,437.2805297428218,0.9089208630961312,2.7267625892883935,0.7603311067787402,1.5206622135574803
