,t_gen,fitness,route_cost,norm_route_cost,w_route_cost,area,w_area
0,8.119601249694824,4.9846474827856095,426.50434480032396,0.9504247442946581,2.8512742328839744,0.6017769756707042,1.2035539513414084
