,t_gen,fitness,route_cost,norm_route_cost,w_route_cost,area,w_area
0,10.546512842178345,5.650324523036426,381.81804239011353,0.949136037029896,2.8474081110896883,0.7925524891060346,1.5851049782120692
