,t_gen,fitness,route_cost,norm_route_cost,w_route_cost,area,w_area
0,8.211724281311035,4.896676121236277,378.9595893758168,0.9677892948009601,2.90336788440288,0.8023379112104759,1.6046758224209519
