,t_gen,fitness,route_cost,norm_route_cost,w_route_cost,area,w_area
0,13.91677212715149,3.913238205785747,241.1420829412193,0.9088476350742595,2.7265429052227783,0.6201569974347664,1.2403139948695328
