,t_gen,fitness,route_cost,norm_route_cost,w_route_cost,area,w_area
0,11.131256580352783,4.586426007462059,345.97846445066176,0.9818059525522418,2.945417857656725,0.6534210274256889,1.3068420548513777
