,t_gen,fitness,route_cost,norm_route_cost,w_route_cost,area,w_area
0,9.053099155426025,4.494830684080979,419.4344794900043,0.9445170936080011,2.833551280824003,0.6179022907152792,1.2358045814305585
