,t_gen,fitness,route_cost,norm_route_cost,w_route_cost,area,w_area
0,10.746245861053467,4.74477866878004,524.4010087433458,0.8855520395818838,2.6566561187456514,0.5622889881662858,1.1245779763325716
