,t_gen,fitness,route_cost,norm_route_cost,w_route_cost,area,w_area
0,13.5802001953125,4.965912237105841,371.5486960980569,0.9198802463099343,2.7596407389298028,0.7074553105085855,1.414910621017171
