,t_gen,fitness,route_cost,norm_route_cost,w_route_cost,area,w_area
0,8.833666324615479,4.640992385557311,464.3375849025394,0.9364061661029093,2.809218498308728,0.7766041502058468,1.5532083004116937
