,t_gen,fitness,route_cost,norm_route_cost,w_route_cost,area,w_area
0,13.02159309387207,5.001637677059879,384.1170303962521,0.9553431506367692,2.8660294519103076,0.6556197101220798,1.3112394202441595
