,t_gen,fitness,route_cost,norm_route_cost,w_route_cost,area,w_area
0,8.12901520729065,4.507557863728451,404.898852554034,0.8318477702966002,2.4955433108898006,0.5981893561214993,1.1963787122429985
