,t_gen,fitness,route_cost,norm_route_cost,w_route_cost,area,w_area
0,7.7049806118011475,4.5514690998719365,460.00139348195984,0.9287759929867133,2.78632797896014,0.5740629100322706,1.1481258200645412
