,t_gen,fitness,route_cost,norm_route_cost,w_route_cost,area,w_area
0,7.603624582290649,4.918646025303601,472.49543226446576,0.9879811180107207,2.9639433540321622,0.7788084930942074,1.5576169861884148
