,t_gen,fitness,route_cost,norm_route_cost,w_route_cost,area,w_area
0,8.86192798614502,4.810746928692429,428.89106549478026,0.99065375691939,2.97196127075817,0.5600225288651084,1.1200450577302168
