,t_gen,fitness,route_cost,norm_route_cost,w_route_cost,area,w_area
0,10.069110870361328,4.60962877395692,368.11255343374125,1.0,3.0,0.7558161672314663,1.5116323344629325
