,t_gen,fitness,route_cost,norm_route_cost,w_route_cost,area,w_area
0,15.096763849258423,4.098286969467821,266.76619661927083,0.8669093418215299,2.6007280254645897,0.6478917547453042,1.2957835094906085
