,t_gen,fitness,route_cost,norm_route_cost,w_route_cost,area,w_area
0,8.866008281707764,5.42932485343656,445.9204843063322,0.9788228577460436,2.936468573238131,0.8537351921992102,1.7074703843984205
