,t_gen,fitness,route_cost,norm_route_cost,w_route_cost,area,w_area
0,7.584887504577637,4.8587730456439475,429.10190176857765,0.9472019028925607,2.8416057086776823,0.616020645293823,1.232041290587646
