,t_gen,fitness,route_cost,norm_route_cost,w_route_cost,area,w_area
0,7.572232007980347,4.693500744276143,415.6966845569188,0.9976670033640662,2.9930010100921987,0.6450186071238703,1.2900372142477405
