,t_gen,fitness,route_cost,norm_route_cost,w_route_cost,area,w_area
0,11.987455129623413,5.088027860594417,372.3937295725884,0.9970338223159187,2.9911014669477565,0.7756485961369957,1.5512971922739913
