,t_gen,fitness,route_cost,norm_route_cost,w_route_cost,area,w_area
0,9.407004833221436,4.977039145881468,455.8124784673424,0.8373586065497862,2.5120758196493584,0.8139002873850817,1.6278005747701634
