,t_gen,fitness,route_cost,norm_route_cost,w_route_cost,area,w_area
0,13.283652305603027,4.848282578059676,349.9320701057852,0.8898861027641913,2.669658308292574,0.625406341190523,1.250812682381046
