,t_gen,fitness,route_cost,norm_route_cost,w_route_cost,area,w_area
0,10.774441957473755,7.381418035443506,512.9934008383157,0.922652341043868,2.7679570231316037,1.3770451436388509,2.7540902872777018
