,t_gen,fitness,route_cost,norm_route_cost,w_route_cost,area,w_area
0,8.146836519241333,4.397175782107653,465.2120072471977,0.9995267506316667,2.9985802518950004,0.781452119442511,1.562904238885022
