,t_gen,fitness,route_cost,norm_route_cost,w_route_cost,area,w_area
0,8.983519792556763,5.222944577392922,446.7403207949749,0.9631326319536904,2.8893978958610713,0.9289863690421737,1.8579727380843474
