,t_gen,fitness,route_cost,norm_route_cost,w_route_cost,area,w_area
0,14.650333166122437,5.76063085722655,488.28180231543865,0.9737109494496359,2.9211328483489076,0.7672556036514807,1.5345112073029614
