,t_gen,fitness,route_cost,norm_route_cost,w_route_cost,area,w_area
0,10.157244205474854,4.434479424438818,399.2287988620668,0.9716610912558601,2.9149832737675805,0.5697785052943884,1.139557010588777
