,t_gen,fitness,route_cost,norm_route_cost,w_route_cost,area,w_area
0,7.97988486289978,4.088102879321241,355.7692536608558,0.9947535205954512,2.9842605617863533,0.44286144034654956,0.8857228806930991
