,t_gen,fitness,route_cost,norm_route_cost,w_route_cost,area,w_area
0,8.127848386764526,4.749830441075357,325.54517884903913,0.9921138514913659,2.9763415544740974,0.4025403720842384,0.8050807441684767
