,t_gen,fitness,route_cost,norm_route_cost,w_route_cost,area,w_area
0,8.376174211502075,2.448731419596344,238.26865785913196,0.9508091076139891,2.852427322841967,0.35885750280805073,0.7177150056161015
