,t_gen,fitness,route_cost,norm_route_cost,w_route_cost,area,w_area
0,6.1877360343933105,3.3357442385811176,424.27223044904724,0.9073921557784004,2.722176467335201,0.4231429271880363,0.8462858543760726
