,t_gen,fitness,route_cost,norm_route_cost,w_route_cost,area,w_area
0,5.978673458099365,3.5425894337490695,661.0591382473411,0.9831778623466944,2.949533587040083,0.31641891532751015,0.6328378306550203
