,t_gen,fitness,route_cost,norm_route_cost,w_route_cost,area,w_area
0,7.793644189834595,3.848153634536028,311.6687692270528,1.0,3.0,0.24241879166225797,0.48483758332451593
