,t_gen,fitness,route_cost,norm_route_cost,w_route_cost,area,w_area
0,7.462563991546631,4.87227469242248,541.5003610629097,0.9746092315863024,2.9238276947589075,0.6548896476039507,1.3097792952079015
