,t_gen,fitness,route_cost,norm_route_cost,w_route_cost,area,w_area
0,6.249479055404663,3.5781719968080536,484.00045685849034,1.0,3.0,0.28908599840402677,0.5781719968080535
