,t_gen,fitness,route_cost,norm_route_cost,w_route_cost,area,w_area
0,8.381747484207153,5.2044463093159345,508.39201971222315,0.9973317547710057,2.991995264313017,0.6507142287462904,1.3014284574925807
