,t_gen,fitness,route_cost,norm_route_cost,w_route_cost,area,w_area
0,6.821967840194702,4.054422093369989,457.9442216712229,0.9462071339021138,2.8386214017063414,0.37915892353224584,0.7583178470644917
