,t_gen,fitness,route_cost,norm_route_cost,w_route_cost,area,w_area
0,6.684682130813599,3.6173504781449566,428.1133584561084,0.9726328957024404,2.9178986871073214,0.2112496085186345,0.422499217037269
