,t_gen,fitness,route_cost,norm_route_cost,w_route_cost,area,w_area
0,7.634304523468018,4.1422828811669845,520.6623566551515,0.9167862786876726,2.750358836063018,0.4350164944424649,0.8700329888849297
