,t_gen,fitness,route_cost,norm_route_cost,w_route_cost,area,w_area
0,10.283229112625122,4.467219689874703,699.0421495532914,0.9570175524641121,2.8710526573923363,0.44661445322325555,0.8932289064465111
