,t_gen,fitness,route_cost,norm_route_cost,w_route_cost,area,w_area
0,6.331120491027832,3.41464833666722,496.42932396026515,0.9997996702304865,2.9993990106914596,0.20762466298788015,0.4152493259757603
