,t_gen,fitness,route_cost,norm_route_cost,w_route_cost,area,w_area
0,7.705217123031616,4.506398251680831,534.1905895103732,0.819389603550229,2.458168810650687,0.5767193444541996,1.1534386889083992
