,t_gen,fitness,route_cost,norm_route_cost,w_route_cost,area,w_area
0,7.2573771476745605,3.080458079040514,335.9798658409363,0.9974923866253443,2.992477159876033,0.4256304535430051,0.8512609070860102
