,t_gen,fitness,route_cost,norm_route_cost,w_route_cost,area,w_area
0,9.653550386428833,2.918157218792701,220.17629633601624,0.8966941642577531,2.690082492773259,0.3591144421728349,0.7182288843456698
