,t_gen,fitness,route_cost,norm_route_cost,w_route_cost,area,w_area
0,7.059748888015747,4.029837546391711,391.9433148590556,1.0,3.0,0.34786464813195206,0.6957292962639041
