,t_gen,fitness,route_cost,norm_route_cost,w_route_cost,area,w_area
0,9.459358930587769,4.3804867146356505,630.1198440099289,0.9853481236345968,2.9560443709037902,0.3953729041245833,0.7907458082491666
