,t_gen,fitness,route_cost,norm_route_cost,w_route_cost,area,w_area
0,6.949488878250122,4.021798028895034,439.1553052542219,0.9866898664100708,2.9600695992302124,0.36997728680569897,0.7399545736113979
