,t_gen,fitness,route_cost,norm_route_cost,w_route_cost,area,w_area
0,6.104752779006958,3.7168362417978074,436.55964745069747,0.9892072982418941,2.9676218947256823,0.5883589091975369,1.1767178183950737
