,t_gen,fitness,route_cost,norm_route_cost,w_route_cost,area,w_area
0,6.518965005874634,3.251536369693207,638.5782503629243,0.9933051902497494,2.979915570749248,0.31468670187706116,0.6293734037541223
