,t_gen,fitness,route_cost,norm_route_cost,w_route_cost,area,w_area
0,6.111209154129028,3.2765152470378083,477.7235694443811,0.9982171781082056,2.9946515343246167,0.26872441265904495,0.5374488253180899
