,t_gen,fitness,route_cost,norm_route_cost,w_route_cost,area,w_area
0,6.031476974487305,3.322993475263492,373.1099719202133,0.9898371403683095,2.9695114211049285,0.5212572293912007,1.0425144587824013
