,t_gen,fitness,route_cost,norm_route_cost,w_route_cost,area,w_area
0,6.721576929092407,3.2034737772254416,416.6419183280427,0.9470257109487821,2.841077132846346,0.44589421921712163,0.8917884384342433
