,t_gen,fitness,route_cost,norm_route_cost,w_route_cost,area,w_area
0,6.390573740005493,4.019960533406637,579.2309690921867,0.9916928079977244,2.9750784239931733,0.771254649983091,1.542509299966182
