,t_gen,fitness,route_cost,norm_route_cost,w_route_cost,area,w_area
0,6.893270492553711,4.0276042611648215,564.3785475171667,1.0,3.0,0.4261424017003188,0.8522848034006376
