,t_gen,fitness,route_cost,norm_route_cost,w_route_cost,area,w_area
0,8.395267724990845,3.6621764381918043,358.66005752450695,0.9778107806160707,2.933432341848212,0.440684179467463,0.881368358934926
