,t_gen,fitness,route_cost,norm_route_cost,w_route_cost,area,w_area
0,6.644069671630859,3.6756068041528285,404.4615742078604,0.9620088592738839,2.8860265778216516,0.24736573185897867,0.49473146371795734
