,t_gen,fitness,route_cost,norm_route_cost,w_route_cost,area,w_area
0,10.359868049621582,5.114417203688226,486.60757630010204,0.9926075059235201,2.9778225177705604,0.6451082008544016,1.2902164017088031
