,t_gen,fitness,route_cost,norm_route_cost,w_route_cost,area,w_area
0,7.713233470916748,4.86916877767785,604.0313148846631,0.9641266744882712,2.8923800234648134,0.6386499163268673,1.2772998326537346
