,t_gen,fitness,route_cost,norm_route_cost,w_route_cost,area,w_area
0,7.924370527267456,5.538664917153268,556.4242138951535,0.9903119442464603,2.970935832739381,0.8651283717907052,1.7302567435814105
