,t_gen,fitness,route_cost,norm_route_cost,w_route_cost,area,w_area
0,14.133330583572388,5.042192404197692,139.69796770867202,0.9966135672606459,2.9898407017819375,0.6119280419572762,1.2238560839145525
