,t_gen,fitness,route_cost,norm_route_cost,w_route_cost,area,w_area
0,8.288442850112915,5.234628979510839,474.59543773804415,0.9970662189003305,2.9911986567009916,0.7480962693866146,1.496192538773229
