,t_gen,fitness,route_cost,norm_route_cost,w_route_cost,area,w_area
0,12.49481463432312,5.117409795206228,189.24292747908478,0.9960767338037498,2.9882302014112496,0.6187302094994402,1.2374604189988805
