,t_gen,fitness,route_cost,norm_route_cost,w_route_cost,area,w_area
0,10.216908693313599,5.152582469310936,433.46413169880617,0.9852280182622305,2.9556840547866914,0.7943198756270735,1.588639751254147
