,t_gen,fitness,route_cost,norm_route_cost,w_route_cost,area,w_area
0,8.644957542419434,5.170712467166121,464.4769010885545,0.9583607065354546,2.875082119606364,0.7752019330341733,1.5504038660683466
