,t_gen,fitness,route_cost,norm_route_cost,w_route_cost,area,w_area
0,13.908679723739624,5.647008036107525,248.15604919074968,0.9072330856006903,2.721699256802071,0.820194481604043,1.640388963208086
