,t_gen,fitness,route_cost,norm_route_cost,w_route_cost,area,w_area
0,12.468978643417358,5.395089456822309,435.24291418549035,0.8198187483236785,2.4594562449710358,0.6557185936821569,1.3114371873643138
