,t_gen,fitness,route_cost,norm_route_cost,w_route_cost,area,w_area
0,8.713340520858765,5.881667061280786,537.4605457808301,0.9966028826223108,2.9898086478669326,0.9959754568846078,1.9919509137692155
