,t_gen,fitness,route_cost,norm_route_cost,w_route_cost,area,w_area
0,7.640869140625,5.894150050390413,461.11296504878703,0.9979702813765595,2.9939108441296787,0.9784878916130325,1.956975783226065
