,t_gen,fitness,route_cost,norm_route_cost,w_route_cost,area,w_area
0,13.865585327148438,4.876190715383547,265.8657360135741,0.7276073994170577,2.182822198251173,0.5914658963618223,1.1829317927236447
