,t_gen,fitness,route_cost,norm_route_cost,w_route_cost,area,w_area
0,10.353540897369385,5.3276653541568955,404.209835148841,0.9284961338053284,2.785488401415985,0.7550504687926257,1.5101009375852514
