,t_gen,fitness,route_cost,norm_route_cost,w_route_cost,area,w_area
0,9.192970514297485,4.966285301466377,476.2053430630314,0.9505908556470438,2.8517725669411313,0.8698622189992748,1.7397244379985497
