,t_gen,fitness,route_cost,norm_route_cost,w_route_cost,area,w_area
0,8.161227703094482,5.611985601104891,475.19901830550646,0.9964576355097382,2.9893729065292147,1.0030288279517552,2.0060576559035104
