,t_gen,fitness,route_cost,norm_route_cost,w_route_cost,area,w_area
0,13.670881271362305,5.177899368146736,244.0388530195874,0.9973081428665278,2.9919244285995834,0.8620502674580494,1.7241005349160987
