,t_gen,fitness,route_cost,norm_route_cost,w_route_cost,area,w_area
0,11.997240543365479,4.992162096373628,103.79320822838424,0.9941696397178559,2.9825089191535676,0.6297943220615524,1.2595886441231048
