,t_gen,fitness,route_cost,norm_route_cost,w_route_cost,area,w_area
0,10.437694072723389,5.487031458946086,444.00644140065526,0.9972204357774429,2.9916613073323286,0.8192870544090056,1.6385741088180112
