,t_gen,fitness,route_cost,norm_route_cost,w_route_cost,area,w_area
0,9.444819211959839,5.27391836058731,457.67726035863416,0.9947807273173289,2.9843421819519866,0.6453012235687747,1.2906024471375495
