,t_gen,fitness,route_cost,norm_route_cost,w_route_cost,area,w_area
0,14.545350074768066,5.3169570029235675,219.76366951588835,0.8584926450156437,2.5754779350469312,0.6829749551916521,1.3659499103833042
