,t_gen,fitness,route_cost,norm_route_cost,w_route_cost,area,w_area
0,11.210747718811035,5.616338287821177,389.71813359607853,1.0,3.0,0.7769097822329761,1.5538195644659523
