,t_gen,fitness,route_cost,norm_route_cost,w_route_cost,area,w_area
0,11.793345928192139,5.741521272669033,492.9516549762545,0.8598736048237454,2.5796208144712365,0.7858025525670483,1.5716051051340967
