,t_gen,fitness,route_cost,norm_route_cost,w_route_cost,area,w_area
0,9.033441543579102,5.498390682152159,443.4013980889128,0.9983848252029304,2.995154475608791,0.8590594592906118,1.7181189185812236
