,t_gen,fitness,route_cost,norm_route_cost,w_route_cost,area,w_area
0,8.634004592895508,5.032079696274263,480.3992616683429,0.9946276078260059,2.9838828234780177,0.6426573936726406,1.2853147873452813
