,t_gen,fitness,route_cost,norm_route_cost,w_route_cost,area,w_area
0,12.096811056137085,4.968698198164323,184.88538034979973,0.9923565169144946,2.977069550743484,0.6085111339765866,1.2170222679531733
