,t_gen,fitness,route_cost,norm_route_cost,w_route_cost,area,w_area
0,11.04790735244751,5.466890756562405,461.3290552614129,0.9956646996819511,2.9869940990458534,0.837181764357608,1.674363528715216
