,t_gen,fitness,route_cost,norm_route_cost,w_route_cost,area,w_area
0,9.104340076446533,5.454581424270165,476.925937519493,0.9985443011627299,2.9956329034881897,0.8968477408039877,1.7936954816079753
