,t_gen,fitness,route_cost,norm_route_cost,w_route_cost,area,w_area
0,14.472618579864502,5.588390964308121,283.6802754457118,0.9986392049531615,2.9959176148594846,0.7801886644049311,1.5603773288098621
