,t_gen,fitness,route_cost,norm_route_cost,w_route_cost,area,w_area
0,8.294403553009033,5.2864682341713864,606.4324625031799,0.9011108531729703,2.703332559518911,0.7922645583728058,1.5845291167456117
