,t_gen,fitness,route_cost,norm_route_cost,w_route_cost,area,w_area
0,9.146675109863281,5.062241480413425,520.8215796132777,0.9682091420420562,2.9046274261261686,0.7347767752735688,1.4695535505471375
