,t_gen,fitness,route_cost,norm_route_cost,w_route_cost,area,w_area
0,11.372754096984863,5.03379162464301,253.19024048714115,0.9950064118370393,2.985019235511118,0.5819482136585677,1.1638964273171355
