,t_gen,fitness,route_cost,norm_route_cost,w_route_cost,area,w_area
0,10.499155759811401,5.652662366388193,437.78866303609294,0.9982225146422082,2.994667543926625,0.8365559781392822,1.6731119562785643
