,t_gen,fitness,route_cost,norm_route_cost,w_route_cost,area,w_area
0,10.640736818313599,5.634784200272202,482.09336094681987,0.9923699631628871,2.977109889488661,0.8329459923412122,1.6658919846824245
