,t_gen,fitness,route_cost,norm_route_cost,w_route_cost,area,w_area
0,9.62510895729065,5.710588533149599,149.30890652202174,0.9820058382773372,2.9460175148320116,0.8509843206555384,1.7019686413110768
