,t_gen,fitness,route_cost,norm_route_cost,w_route_cost,area,w_area
0,8.36556887626648,4.779662905625388,450.75131418410126,0.9638964543743628,2.8916893631230884,0.6854499816679358,1.3708999633358716
