,t_gen,fitness,route_cost,norm_route_cost,w_route_cost,area,w_area
0,7.827831029891968,4.849155754585903,583.7634533847271,0.9984019093347658,2.995205728004297,0.7598086124401914,1.5196172248803828
