,t_gen,fitness,route_cost,norm_route_cost,w_route_cost,area,w_area
0,7.782529592514038,4.82489093909864,585.6249386261759,0.9619718405411626,2.8859155216234877,0.6161566012979184,1.2323132025958368
