,t_gen,fitness,route_cost,norm_route_cost,w_route_cost,area,w_area
0,10.121186256408691,5.631257211438172,439.52192331771306,0.967635689604082,2.902907068812246,0.9103301222251837,1.8206602444503674
