,t_gen,fitness,route_cost,norm_route_cost,w_route_cost,area,w_area
0,11.039151906967163,5.095854431623181,424.69808268072245,0.9982198975224589,2.9946596925673767,0.693471563846355,1.38694312769271
