,t_gen,fitness,route_cost,norm_route_cost,w_route_cost,area,w_area
0,13.454600095748901,4.873906994771601,304.995117343641,0.5329583296954584,1.5988749890863754,0.5334560546727347,1.0669121093454694
