,t_gen,fitness,route_cost,norm_route_cost,w_route_cost,area,w_area
0,9.466384172439575,5.2511636939039725,486.7870401029055,0.9647802770661256,2.8943408311983765,0.6826039090090219,1.3652078180180438
