,t_gen,fitness,route_cost,norm_route_cost,w_route_cost,area,w_area
0,15.353541612625122,5.01794454010075,134.20221848706035,0.9877195148965385,2.9631585446896156,0.6944232630185982,1.3888465260371965
