,t_gen,fitness,route_cost,norm_route_cost,w_route_cost,area,w_area
0,7.75858473777771,4.972651686937401,512.2493370973402,0.9893541929832693,2.968062578949808,0.8003848003848004,1.6007696007696008
