,t_gen,fitness,route_cost,norm_route_cost,w_route_cost,area,w_area
0,15.02069902420044,5.828591755491716,229.07375626333703,0.42026392040247573,1.260791761207427,0.7621983885484078,1.5243967770968156
