,t_gen,fitness,route_cost,norm_route_cost,w_route_cost,area,w_area
0,7.92792272567749,4.95664825573701,429.3254436453143,0.9983803786998435,2.9951411360995306,0.635959787897852,1.271919575795704
