,t_gen,fitness,route_cost,norm_route_cost,w_route_cost,area,w_area
0,8.683429956436157,4.884258237560902,518.2155200018947,1.0,3.0,0.741915222299557,1.483830444599114
