,t_gen,fitness,route_cost,norm_route_cost,w_route_cost,area,w_area
0,13.792297601699829,5.051310853294479,434.70731849766275,0.6703950380856115,2.0111851142568344,0.6663590178170636,1.3327180356341273
