,t_gen,fitness,route_cost,norm_route_cost,w_route_cost,area,w_area
0,8.130040645599365,4.9504043623827325,479.5188092936667,0.9875659956566607,2.962697986969982,0.8368808737617475,1.673761747523495
