,t_gen,fitness,route_cost,norm_route_cost,w_route_cost,area,w_area
0,13.184587240219116,5.069790176045842,344.6311776381532,0.47158578396312323,1.4147573518893697,0.5878205949295997,1.1756411898591994
