,t_gen,fitness,route_cost,norm_route_cost,w_route_cost,area,w_area
0,13.422002077102661,5.174178170598092,402.39760100723004,0.8174290337689202,2.4522871013067604,0.7193745797770517,1.4387491595541033
