,t_gen,fitness,route_cost,norm_route_cost,w_route_cost,area,w_area
0,10.098560333251953,4.807206958507088,483.07559806903305,0.998797702045374,2.996393106136122,0.686694971609801,1.373389943219602
