,t_gen,fitness,route_cost,norm_route_cost,w_route_cost,area,w_area
0,9.03365969657898,4.8347069710393376,545.9167251969549,0.928843204897305,2.786529614691915,0.5816051816389749,1.1632103632779498
