,t_gen,fitness,route_cost,norm_route_cost,w_route_cost,area,w_area
0,9.040794372558594,5.139422227762516,453.08045129837643,1.0,3.0,0.8764865977495198,1.7529731954990395
