,t_gen,fitness,route_cost,norm_route_cost,w_route_cost,area,w_area
0,9.10626745223999,4.856306688401723,462.28013302087834,0.9709903796988862,2.912971139096659,0.7648078069336438,1.5296156138672876
