,t_gen,fitness,route_cost,norm_route_cost,w_route_cost,area,w_area
0,12.275554656982422,5.635781218026286,181.50768608725252,0.994608317675238,2.983824953025714,0.9150367633052687,1.8300735266105375
