,t_gen,fitness,route_cost,norm_route_cost,w_route_cost,area,w_area
0,9.069587707519531,5.565369429454909,489.1007677234247,0.9977069084816597,2.993120725444979,0.8151825288097349,1.6303650576194697
