,t_gen,fitness,route_cost,norm_route_cost,w_route_cost,area,w_area
0,8.415726661682129,5.05759075131092,508.03155066193574,0.9699679048349086,2.9099037145047255,0.6960573352306251,1.3921146704612501
