,t_gen,fitness,route_cost,norm_route_cost,w_route_cost,area,w_area
0,8.316641092300415,5.03452941983203,600.292220475504,0.8960632656591042,2.6881897969773125,0.6805493452571063,1.3610986905142126
