,t_gen,fitness,route_cost,norm_route_cost,w_route_cost,area,w_area
0,11.160860538482666,7.060077274315418,128.0680778261004,0.9948365196190475,2.9845095588571424,1.2048700410396718,2.4097400820793435
