,t_gen,fitness,route_cost,norm_route_cost,w_route_cost,area,w_area
0,6.904157876968384,3.82724707328658,529.6287237490038,0.9855873925895435,2.9567621777686304,0.4136235366432902,0.8272470732865804
