,t_gen,fitness,route_cost,norm_route_cost,w_route_cost,area,w_area
0,8.327402114868164,3.9336417505417303,243.51957786913627,0.8627214705543103,2.5881644116629308,0.32091842133107606,0.6418368426621521
