,t_gen,fitness,route_cost,norm_route_cost,w_route_cost,area,w_area
0,8.741801261901855,3.345408520036331,570.8499628168136,0.9947446786451615,2.9842340359354846,0.2883944021128685,0.576788804225737
