,t_gen,fitness,route_cost,norm_route_cost,w_route_cost,area,w_area
0,6.6171183586120605,2.656103117872587,458.3373070030366,0.9984341742715822,2.9953025228147467,0.24372039971236578,0.48744079942473156
