,t_gen,fitness,route_cost,norm_route_cost,w_route_cost,area,w_area
0,8.102483749389648,4.042409075682977,391.32951857437837,0.9797643302048906,2.939292990614672,0.3134949762348836,0.6269899524697672
