,t_gen,fitness,route_cost,norm_route_cost,w_route_cost,area,w_area
0,9.628346920013428,3.9115859386576286,248.79592438404742,0.9975353288511839,2.992605986553552,0.3916546428512198,0.7833092857024396
