,t_gen,fitness,route_cost,norm_route_cost,w_route_cost,area,w_area
0,6.152709484100342,4.054969321337247,480.44743141349966,0.9532371368076139,2.859711410422842,0.5276851449100253,1.0553702898200505
