,t_gen,fitness,route_cost,norm_route_cost,w_route_cost,area,w_area
0,7.864288091659546,3.815441698491436,502.9107369414021,1.0,3.0,0.4262003011528868,0.8524006023057736
