,t_gen,fitness,route_cost,norm_route_cost,w_route_cost,area,w_area
0,6.609832048416138,3.679824952079543,502.0817805045976,0.9716869061761656,2.9150607185284967,0.34026933917945507,0.6805386783589101
