,t_gen,fitness,route_cost,norm_route_cost,w_route_cost,area,w_area
0,10.67786955833435,2.4020249565475424,92.75260436846709,0.8434206989621926,2.530262096886578,0.5560904006974043,1.1121808013948087
