,t_gen,fitness,route_cost,norm_route_cost,w_route_cost,area,w_area
0,6.98858642578125,3.277606623773833,505.7154060210906,0.9460275724193103,2.8380827172579313,0.4103315103289184,0.8206630206578368
