,t_gen,fitness,route_cost,norm_route_cost,w_route_cost,area,w_area
0,6.651339292526245,2.8660533945413653,515.7968770946545,0.9964309529143653,2.989292858743096,0.30840941298961716,0.6168188259792343
