,t_gen,fitness,route_cost,norm_route_cost,w_route_cost,area,w_area
0,7.318474292755127,3.7861156390833255,482.70959965720925,0.9678931258618693,2.9036793775856076,0.30941605139514816,0.6188321027902963
