,t_gen,fitness,route_cost,norm_route_cost,w_route_cost,area,w_area
0,6.3627684116363525,4.068476079316395,489.93071848869357,0.9981776053571345,2.9945328160714038,0.3937058891588569,0.7874117783177138
