,t_gen,fitness,route_cost,norm_route_cost,w_route_cost,area,w_area
0,9.90072751045227,4.211669376622402,283.67072061687617,0.920118194423569,2.760354583270707,0.34504658696589313,0.6900931739317863
