,t_gen,fitness,route_cost,norm_route_cost,w_route_cost,area,w_area
0,6.306254625320435,4.337031629698339,502.3951491482715,0.9951188122116118,2.9853564366348353,0.5579855341608836,1.1159710683217672
