,t_gen,fitness,route_cost,norm_route_cost,w_route_cost,area,w_area
0,7.152179956436157,4.022732133595856,498.75951447937257,0.9987206256695744,2.9961618770087233,0.3431714317389537,0.6863428634779074
