,t_gen,fitness,route_cost,norm_route_cost,w_route_cost,area,w_area
0,8.064138889312744,4.672112409662713,315.88178295338207,0.9938355383686948,2.9815066151060843,0.6212467076382792,1.2424934152765583
