,t_gen,fitness,route_cost,norm_route_cost,w_route_cost,area,w_area
0,6.600722312927246,3.5588404808532452,548.6995331725049,0.9769592069680852,2.9308776209042557,0.768301206177432,1.536602412354864
