,t_gen,fitness,route_cost,norm_route_cost,w_route_cost,area,w_area
0,8.597671031951904,3.292594157115837,122.74273149845381,0.9631886562941558,2.8895659688824678,0.6321354662950355,1.264270932590071
