,t_gen,fitness,route_cost,norm_route_cost,w_route_cost,area,w_area
0,8.59066367149353,4.365952668364599,180.44494487108804,0.9995466090420894,2.998639827126268,0.42528298850163626,0.8505659770032725
