,t_gen,fitness,route_cost,norm_route_cost,w_route_cost,area,w_area
0,7.029291152954102,4.098088923300791,499.90540035166487,0.8623028751122165,2.5869086253366493,0.3760754353362241,0.7521508706724482
