,t_gen,fitness,route_cost,norm_route_cost,w_route_cost,area,w_area
0,7.068685054779053,4.056076386704168,498.5736140563219,0.8646062524252797,2.593818757275839,0.37357010117695644,0.7471402023539129
