,t_gen,fitness,route_cost,norm_route_cost,w_route_cost,area,w_area
0,6.1961445808410645,2.9701063550859934,563.7889126490261,0.9865565121681936,2.959669536504581,0.2931379670806683,0.5862759341613366
