,t_gen,fitness,route_cost,norm_route_cost,w_route_cost,area,w_area
0,6.056183815002441,3.448652630286661,527.3645357325274,0.9667513549332664,2.900254064799799,0.22432631514333068,0.44865263028666136
