,t_gen,fitness,route_cost,norm_route_cost,w_route_cost,area,w_area
0,7.6548686027526855,5.14253806120238,488.3541793596982,0.9893026319778842,2.9679078959336525,0.7474850627972198,1.4949701255944396
