,t_gen,fitness,route_cost,norm_route_cost,w_route_cost,area,w_area
0,6.476938724517822,3.9970394960040507,532.5195232298032,0.9958009652605075,2.9874028957815226,0.4139589265845701,0.8279178531691402
