,t_gen,fitness,route_cost,norm_route_cost,w_route_cost,area,w_area
0,8.171329021453857,4.723058091880157,213.44209777833882,0.9976103231315193,2.992830969394558,0.39246505807913873,0.7849301161582775
