,t_gen,fitness,route_cost,norm_route_cost,w_route_cost,area,w_area
0,6.242886066436768,3.557509733162414,526.818657792522,0.9506651006713951,2.8519953020141853,0.28085344930096656,0.5617068986019331
