,t_gen,fitness,route_cost,norm_route_cost,w_route_cost,area,w_area
0,6.59167742729187,3.6378565037022237,391.2900261784768,0.9994686345699927,2.998405903709978,0.3253710282964195,0.650742056592839
