,t_gen,fitness,route_cost,norm_route_cost,w_route_cost,area,w_area
0,10.114811658859253,5.290228371325965,512.5491439965097,0.9877061781222349,2.963118534366705,0.7103200679563413,1.4206401359126826
