,t_gen,fitness,route_cost,norm_route_cost,w_route_cost,area,w_area
0,7.747830629348755,4.981837641459456,508.44796878729505,0.9996183689175945,2.9988551067527833,0.7731397459165155,1.546279491833031
