,t_gen,fitness,route_cost,norm_route_cost,w_route_cost,area,w_area
0,8.26907992362976,5.162346729583437,483.7862902795181,0.9333893099975311,2.8001679299925932,0.8385518250208972,1.6771036500417944
