,t_gen,fitness,route_cost,norm_route_cost,w_route_cost,area,w_area
0,13.452063798904419,5.292369138518895,348.28356180765877,0.9837154677878092,2.9511464033634276,0.6764123983293031,1.3528247966586062
