,t_gen,fitness,route_cost,norm_route_cost,w_route_cost,area,w_area
0,14.19531536102295,5.478916003326739,354.4150136224758,0.9677942154715501,2.9033826464146504,0.7593349029149122,1.5186698058298245
