,t_gen,fitness,route_cost,norm_route_cost,w_route_cost,area,w_area
0,7.401074647903442,5.772784880693576,484.85985961490024,1.0,3.0,0.9862262402644562,1.9724524805289123
