,t_gen,fitness,route_cost,norm_route_cost,w_route_cost,area,w_area
0,8.47327184677124,5.05050002069091,534.2744589730038,0.9952110234750411,2.9856330704251235,0.6168689054786859,1.2337378109573718
