,t_gen,fitness,route_cost,norm_route_cost,w_route_cost,area,w_area
0,10.137912273406982,5.532371765045037,556.1741680360274,0.9658644044824912,2.8975932134474736,0.7928123250104097,1.5856246500208193
