,t_gen,fitness,route_cost,norm_route_cost,w_route_cost,area,w_area
0,11.152944803237915,5.6003891391843785,494.8956746660144,0.984743915926613,2.954231747779839,0.8494757460536928,1.6989514921073856
