,t_gen,fitness,route_cost,norm_route_cost,w_route_cost,area,w_area
0,12.249894618988037,4.931042576467203,357.6277547135084,0.9665306786564349,2.899592035969305,0.6555165116775709,1.3110330233551417
