,t_gen,fitness,route_cost,norm_route_cost,w_route_cost,area,w_area
0,12.597127437591553,5.253584579767777,424.93391895952055,0.980867212533954,2.942601637601862,0.7182728290420598,1.4365456580841196
