,t_gen,fitness,route_cost,norm_route_cost,w_route_cost,area,w_area
0,9.182516098022461,5.049833212472807,502.789441536923,0.9882664701180316,2.964799410354095,0.6339521392313271,1.2679042784626542
