,t_gen,fitness,route_cost,norm_route_cost,w_route_cost,area,w_area
0,8.243898391723633,5.60155436831666,436.99794321222447,0.9871257785939912,2.9613773357819735,0.8081201435087529,1.6162402870175059
