,t_gen,fitness,route_cost,norm_route_cost,w_route_cost,area,w_area
0,10.338549375534058,5.065151172497852,454.4549469745157,0.9973391365381841,2.992017409614552,0.6423652449984826,1.2847304899969652
