,t_gen,fitness,route_cost,norm_route_cost,w_route_cost,area,w_area
0,11.500751495361328,5.541827073062926,467.3927436335022,0.9003675842601723,2.7011027527805167,0.8044930586395319,1.6089861172790638
