,t_gen,fitness,route_cost,norm_route_cost,w_route_cost,area,w_area
0,13.797710418701172,4.971703245628709,392.54780706553703,0.9334526821274062,2.8003580463822186,0.576878608552833,1.153757217105666
