,t_gen,fitness,route_cost,norm_route_cost,w_route_cost,area,w_area
0,7.904376268386841,5.393643760158852,594.4461277071895,1.0,3.0,0.8956234427472647,1.7912468854945294
