,t_gen,fitness,route_cost,norm_route_cost,w_route_cost,area,w_area
0,12.84740662574768,5.54725131886555,581.4317826093284,0.8816429188134991,2.644928756440497,0.7452402053209776,1.4904804106419551
