,t_gen,fitness,route_cost,norm_route_cost,w_route_cost,area,w_area
0,8.387346029281616,5.195367684621079,466.8607579941684,0.9971319708305222,2.9913959124915666,0.6725234036607517,1.3450468073215034
