,t_gen,fitness,route_cost,norm_route_cost,w_route_cost,area,w_area
0,9.347305536270142,5.231183661817557,447.46746487954834,0.976204490733381,2.928613472200143,0.7678234481685373,1.5356468963370746
