,t_gen,fitness,route_cost,norm_route_cost,w_route_cost,area,w_area
0,8.950434923171997,5.726326906720688,560.8617766058701,0.9532031030931074,2.859609309279322,0.8823864248242335,1.764772849648467
