,t_gen,fitness,route_cost,norm_route_cost,w_route_cost,area,w_area
0,14.285066843032837,5.378648390508674,455.43004251733174,0.9518188133039113,2.855456439911734,0.7292299346356563,1.4584598692713127
