,t_gen,fitness,route_cost,norm_route_cost,w_route_cost,area,w_area
0,11.823160886764526,4.996607775207925,411.596818853427,0.987611615833677,2.962834847501031,0.5573029548852771,1.1146059097705543
