,t_gen,fitness,route_cost,norm_route_cost,w_route_cost,area,w_area
0,9.014178037643433,5.550560929547735,575.1931233986703,0.9683506678752859,2.905052003625858,0.9900823090258797,1.9801646180517594
