,t_gen,fitness,route_cost,norm_route_cost,w_route_cost,area,w_area
0,11.22892451286316,5.471632425000022,632.3147301456888,0.7756545755631303,2.326963726689391,0.7726465364120781,1.5452930728241563
