,t_gen,fitness,route_cost,norm_route_cost,w_route_cost,area,w_area
0,10.256316423416138,5.369180737961226,483.5689280754666,1.0,3.0,0.9469668542839275,1.893933708567855
