,t_gen,fitness,route_cost,norm_route_cost,w_route_cost,area,w_area
0,14.10567331314087,5.065314049792336,425.1476594106991,0.9951064351336857,2.985319305401057,0.6020299788680733,1.2040599577361466
