,t_gen,fitness,route_cost,norm_route_cost,w_route_cost,area,w_area
0,14.455636978149414,5.854091507121213,612.9378272902507,0.9448304726841138,2.8344914180523415,0.8463313697419168,1.6926627394838336
