,t_gen,fitness,route_cost,norm_route_cost,w_route_cost,area,w_area
0,8.625534772872925,5.940547946930657,672.5087013890039,0.9325475825196985,2.7976427475590953,0.9345956763651558,1.8691913527303117
