,t_gen,fitness,route_cost,norm_route_cost,w_route_cost,area,w_area
0,8.475250482559204,5.165895602383648,499.93522281196704,0.9714854273028711,2.9144562819086133,0.6631826026924404,1.326365205384881
