,t_gen,fitness,route_cost,norm_route_cost,w_route_cost,area,w_area
0,7.738979816436768,4.985786061430239,622.412824711146,0.9278720050161218,2.7836160150483655,0.7108133971291866,1.4216267942583731
