,t_gen,fitness,route_cost,norm_route_cost,w_route_cost,area,w_area
0,10.85872220993042,5.012614382868594,499.61877717398175,0.9982464707565425,2.9947394122696274,0.6477281769714331,1.2954563539428663
