,t_gen,fitness,route_cost,norm_route_cost,w_route_cost,area,w_area
0,13.32422161102295,4.83357196600496,484.19672284305153,0.8344780654967707,2.5034341964903124,0.6830992304086847,1.3661984608173694
