,t_gen,fitness,route_cost,norm_route_cost,w_route_cost,area,w_area
0,13.561062574386597,5.068418950047361,299.6139987547195,0.999215243533346,2.997645730600038,0.7398968816992285,1.479793763398457
