,t_gen,fitness,route_cost,norm_route_cost,w_route_cost,area,w_area
0,15.366337776184082,4.847775612216099,458.70217019586494,0.9982677223640699,2.9948031670922095,0.6997575629088347,1.3995151258176695
