,t_gen,fitness,route_cost,norm_route_cost,w_route_cost,area,w_area
0,9.346285104751587,5.225076704666492,459.5695026552077,0.9828022276281981,2.9484066828845945,0.6564818918802992,1.3129637837605983
