,t_gen,fitness,route_cost,norm_route_cost,w_route_cost,area,w_area
0,14.684022426605225,5.757347142440935,360.7973161254948,0.9477089797650584,2.8431269392951752,0.785304075772511,1.570608151545022
