,t_gen,fitness,route_cost,norm_route_cost,w_route_cost,area,w_area
0,10.107502222061157,4.849499292441719,591.5288893886989,0.9418720693267072,2.8256162079801217,0.6091769399969308,1.2183538799938616
