,t_gen,fitness,route_cost,norm_route_cost,w_route_cost,area,w_area
0,13.592357397079468,5.077973996976141,424.1936162704188,0.983313950533463,2.9499418516003892,0.6832724083908918,1.3665448167817835
