,t_gen,fitness,route_cost,norm_route_cost,w_route_cost,area,w_area
0,7.706022500991821,4.7460366212845635,490.3015533880398,0.9778329491228827,2.933498847368648,0.6492783432036597,1.2985566864073195
