,t_gen,fitness,route_cost,norm_route_cost,w_route_cost,area,w_area
0,8.340698957443237,4.938516588038209,497.36237468658294,0.9994918354443829,2.9984755063331487,0.8148437367375694,1.6296874734751388
