,t_gen,fitness,route_cost,norm_route_cost,w_route_cost,area,w_area
0,7.950591325759888,5.067486309995232,490.85237234045775,0.9979627275809387,2.993888182742816,0.6382186097705529,1.2764372195411058
