,t_gen,fitness,route_cost,norm_route_cost,w_route_cost,area,w_area
0,9.204794883728027,5.0143123702676675,450.2745575711008,0.9917590957788432,2.97527728733653,0.7708423086865006,1.5416846173730012
