,t_gen,fitness,route_cost,norm_route_cost,w_route_cost,area,w_area
0,8.281543493270874,5.060944712456183,632.358692261055,0.8908924058685362,2.672677217605609,0.6198937979384306,1.2397875958768612
