,t_gen,fitness,route_cost,norm_route_cost,w_route_cost,area,w_area
0,7.79835057258606,4.8771928217165765,459.2940315918132,0.9977442418933368,2.99323272568001,0.6079448431702338,1.2158896863404676
