,t_gen,fitness,route_cost,norm_route_cost,w_route_cost,area,w_area
0,10.339593172073364,5.451604283107345,586.5963351932036,0.9348010833551389,2.8044032500654166,0.8363801975135031,1.6727603950270062
