,t_gen,fitness,route_cost,norm_route_cost,w_route_cost,area,w_area
0,10.259670495986938,5.563033016058657,545.4446452170264,0.9975749927115273,2.9927249781345817,0.8000609222099532,1.6001218444199063
