,t_gen,fitness,route_cost,norm_route_cost,w_route_cost,area,w_area
0,13.926485776901245,5.225799825804053,462.9427697574826,0.9116118805679879,2.7348356417039636,0.6356940048906456,1.2713880097812913
