,t_gen,fitness,route_cost,norm_route_cost,w_route_cost,area,w_area
0,8.955439567565918,5.216631598206934,454.819721526809,0.9591494786554885,2.8774484359664654,0.8463315341688775,1.692663068337755
