,t_gen,fitness,route_cost,norm_route_cost,w_route_cost,area,w_area
0,8.846523523330688,5.263994796450135,500.40269642679,0.9530399211646651,2.8591197634939953,0.7130469820291724,1.4260939640583448
