,t_gen,fitness,route_cost,norm_route_cost,w_route_cost,area,w_area
0,8.16210150718689,4.991772551095384,507.496975422996,1.0,3.0,0.7139572021718301,1.4279144043436602
