,t_gen,fitness,route_cost,norm_route_cost,w_route_cost,area,w_area
0,8.98095440864563,4.92061558002157,466.73450597301473,1.0,3.0,0.6363094495501864,1.2726188991003728
