,t_gen,fitness,route_cost,norm_route_cost,w_route_cost,area,w_area
0,8.113218307495117,5.023544106116992,557.5122598226388,0.9696942342301965,2.9090827026905894,0.6375750909552416,1.2751501819104831
