,t_gen,fitness,route_cost,norm_route_cost,w_route_cost,area,w_area
0,9.567743062973022,5.904689133548057,317.1680627422128,0.930384580557739,2.791153741673217,0.9096833740418491,1.8193667480836981
