,t_gen,fitness,route_cost,norm_route_cost,w_route_cost,area,w_area
0,12.06210994720459,5.387252257743562,460.9360608212345,0.9191197968503786,2.7573593905511355,0.8899539030058288,1.7799078060116575
