,t_gen,fitness,route_cost,norm_route_cost,w_route_cost,area,w_area
0,10.409475564956665,5.475798189702637,542.4739868194711,0.9889505508816265,2.9668516526448796,0.7267397332629077,1.4534794665258155
