,t_gen,fitness,route_cost,norm_route_cost,w_route_cost,area,w_area
0,9.299741983413696,4.731729720770392,542.4537955865362,0.9540497970376874,2.8621493911130624,0.5424049563503238,1.0848099127006476
