,t_gen,fitness,route_cost,norm_route_cost,w_route_cost,area,w_area
0,7.673139333724976,4.958954625621292,545.46017008759,0.9423966301264517,2.827189890379355,0.6898234041091184,1.3796468082182367
