,t_gen,fitness,route_cost,norm_route_cost,w_route_cost,area,w_area
0,11.202633142471313,4.890878142261282,529.2912634901176,0.8646607179033656,2.5939821537100967,0.6097378755467577,1.2194757510935155
