,t_gen,fitness,route_cost,norm_route_cost,w_route_cost,area,w_area
0,10.846012353897095,7.115102599179207,435.5076442144926,0.8498565483128248,2.549569644938474,1.1116552667578659,2.2233105335157317
