,t_gen,fitness,route_cost,norm_route_cost,w_route_cost,area,w_area
0,7.769419431686401,4.978406578851466,462.0521054750721,0.9659297266891659,2.8977891800674977,0.5933860111208663,1.1867720222417326
