,t_gen,fitness,route_cost,norm_route_cost,w_route_cost,area,w_area
0,7.0843892097473145,4.130141289217921,569.2563695671436,1.0,3.0,0.3843263817888422,0.7686527635776844
