,t_gen,fitness,route_cost,norm_route_cost,w_route_cost,area,w_area
0,6.568364381790161,3.4946430263034283,477.3544048177639,0.984301567707599,2.952904703122797,0.311089473531992,0.622178947063984
