,t_gen,fitness,route_cost,norm_route_cost,w_route_cost,area,w_area
0,6.380741119384766,3.127142327663961,581.7642919154687,0.9926182178845617,2.977854653653685,0.28966914247130315,0.5793382849426063
