,t_gen,fitness,route_cost,norm_route_cost,w_route_cost,area,w_area
0,6.342813730239868,4.075327191274781,534.0585445310857,0.9989993024870966,2.9969979074612896,0.38803656137915077,0.7760731227583015
