,t_gen,fitness,route_cost,norm_route_cost,w_route_cost,area,w_area
0,6.13355827331543,3.5626581955934564,591.3169589104859,1.0,3.0,0.2813290977967282,0.5626581955934564
