,t_gen,fitness,route_cost,norm_route_cost,w_route_cost,area,w_area
0,6.957815885543823,4.0450201382522355,469.09998321661453,0.9754275768661383,2.926282730598415,0.41709649827635364,0.8341929965527073
