,t_gen,fitness,route_cost,norm_route_cost,w_route_cost,area,w_area
0,7.018433094024658,4.197439603551517,521.6309616061244,1.0,3.0,0.3903778649597357,0.7807557299194714
