,t_gen,fitness,route_cost,norm_route_cost,w_route_cost,area,w_area
0,8.669228315353394,4.348140545446791,363.9553632125575,0.9913113585351356,2.973934075605407,0.374573058421702,0.749146116843404
