,t_gen,fitness,route_cost,norm_route_cost,w_route_cost,area,w_area
0,7.075770139694214,3.867773283803994,487.35561639648097,0.9970986523672503,2.991295957101751,0.43823866335112177,0.8764773267022435
