,t_gen,fitness,route_cost,norm_route_cost,w_route_cost,area,w_area
0,9.394236087799072,4.315152215765808,341.71863380657067,0.9381386676509957,2.814416002952987,0.3792958190291391,0.7585916380582782
