,t_gen,fitness,route_cost,norm_route_cost,w_route_cost,area,w_area
0,8.514050960540771,4.032451959564069,494.301040593592,1.0,3.0,0.2947770255912085,0.589554051182417
