,t_gen,fitness,route_cost,norm_route_cost,w_route_cost,area,w_area
0,6.484227180480957,3.909104003542404,448.60254079140964,0.9962530384767458,2.9887591154302378,0.75484161875775,1.5096832375155
