,t_gen,fitness,route_cost,norm_route_cost,w_route_cost,area,w_area
0,6.337241888046265,3.5038096285460165,496.8475256202915,0.9849626513881339,2.9548879541644015,0.28385393596853353,0.5677078719370671
