,t_gen,fitness,route_cost,norm_route_cost,w_route_cost,area,w_area
0,6.55567193031311,3.6810898841215156,537.3023986036427,1.0,3.0,0.3405449420607579,0.6810898841215158
