,t_gen,fitness,route_cost,norm_route_cost,w_route_cost,area,w_area
0,9.793237447738647,4.189843486574503,349.9391915924931,1.0,3.0,0.35234940864643843,0.7046988172928769
