,t_gen,fitness,route_cost,norm_route_cost,w_route_cost,area,w_area
0,6.532169580459595,3.3649546097080485,495.8198543304177,0.9821833963538049,2.9465501890614147,0.26975625480423515,0.5395125096084703
