,t_gen,fitness,route_cost,norm_route_cost,w_route_cost,area,w_area
0,6.410191535949707,4.003451072095348,605.7450970696723,1.0,3.0,0.4090934806796538,0.8181869613593076
