,t_gen,fitness,route_cost,norm_route_cost,w_route_cost,area,w_area
0,10.308295488357544,4.446949427874919,406.3994676226615,0.9563960363837534,2.86918810915126,0.4368011742856257,0.8736023485712514
