,t_gen,fitness,route_cost,norm_route_cost,w_route_cost,area,w_area
0,8.466914653778076,5.170208076878231,376.3622531966364,0.9761115361430757,2.928334608429227,0.7238329506483258,1.4476659012966515
