,t_gen,fitness,route_cost,norm_route_cost,w_route_cost,area,w_area
0,6.169467449188232,4.13311745847631,453.5563034361356,1.0,3.0,0.5324537238412836,1.0649074476825673
