,t_gen,fitness,route_cost,norm_route_cost,w_route_cost,area,w_area
0,7.931983470916748,4.292473377053126,373.7084063401026,1.0,3.0,0.4371818783466699,0.8743637566933398
