,t_gen,fitness,route_cost,norm_route_cost,w_route_cost,area,w_area
0,6.9139180183410645,4.187418266914447,521.6309616061244,1.0,3.0,0.372881822561773,0.745763645123546
