,t_gen,fitness,route_cost,norm_route_cost,w_route_cost,area,w_area
0,6.203396797180176,4.406612029991971,509.2641665082226,0.9956683178199542,2.987004953459863,0.5798797771478839,1.1597595542957677
