,t_gen,fitness,route_cost,norm_route_cost,w_route_cost,area,w_area
0,7.44930624961853,5.104732026297619,451.5892096915179,0.9971690114203695,2.9915070342611085,0.7070174368979393,1.4140348737958786
