,t_gen,fitness,route_cost,norm_route_cost,w_route_cost,area,w_area
0,6.57042384147644,3.678811701564744,568.4887041381523,1.0,3.0,0.33940585078237206,0.6788117015647441
