,t_gen,fitness,route_cost,norm_route_cost,w_route_cost,area,w_area
0,7.983956336975098,3.3187110244030786,398.03813655318476,1.0,3.0,0.323399640249709,0.646799280499418
