,t_gen,fitness,route_cost,norm_route_cost,w_route_cost,area,w_area
0,7.552212238311768,3.64408215431558,439.5622419173811,0.995806994236441,2.987420982709323,0.20446926055340447,0.40893852110680895
