,t_gen,fitness,route_cost,norm_route_cost,w_route_cost,area,w_area
0,7.714036703109741,4.380370674274904,511.3672261427176,0.9482353382692162,2.844706014807649,0.44007402383935446,0.8801480476787089
